City,Country,Average Monthly Salary after Tax in 2010,Average Monthly Salary after Tax in 2011,Average Monthly Salary after Tax in 2012,Average Monthly Salary after Tax in 2013,Average Monthly Salary after Tax in 2014,Average Monthly Salary after Tax in 2015,Average Monthly Salary after Tax in 2016,Average Monthly Salary after Tax in 2017,Average Monthly Salary after Tax in 2018,Average Monthly Salary after Tax in 2019,Average Monthly Salary after Tax in 2020
New York City, United States of America,3300,3568.53,4017.991667,4339.513069,3476.340323,3376.010678,4026.656605,4121.088445,4658.585654,5122.297026,6023.253438
"Washington, D.C.", United States of America,2200,3365.200744,3700,3981.7,4573.356667,3479.05,3900.222222,4095.37037,4762.834321,5596.545455,5601.921903
San Francisco, United States of America,4700,2633.333333,4195.428571,4167.538462,3470,4058.783333,4281.5104,3975.943333,6111.775926,7289.561905,7930.791453
Berlin, Germany,0,2826.086957,2283.950617,2395.516063,2477.888148,1999.827437,2290.615929,2321.019859,2454.085939,2541.969201,2669.410143
Los Angeles, United States of America,4166.666667,3049.18,2496.750083,3532.333333,3417.846154,3093.676563,3659.096774,3356.289041,3929.714286,4430.179756,4507.5815
Bern, Switzerland,0,0,5920.736004,6822.916667,0,5711.263882,4229.301706,0,5224.55311,5440.925614,5649.480389
Geneva, Switzerland,4741.37931,5588.235294,5853.379152,6575.68214,7342.113465,6806.67825,5383.243691,5668.700325,5124.292538,5433.487779,6375.551249
Zurich, Switzerland,5550.287356,7664.623032,5236.597938,6065.033784,7043.153384,6684.251719,5901.110424,6083.240922,5892.533751,6121.438001,6839.398662
Basel, Switzerland,0,0,5670.103093,5572.916667,6406.77211,5358.716728,4292.511378,5176.585329,5851.461898,5249.834491,5219.9618
London, United Kingdom,2977.05314,3511.432719,3179.496037,3289.44477,3182.764313,3042.014095,3039.696772,2890.428916,3301.676832,2942.871652,3493.516591
Cairo, Egypt,200,333.3333333,284.3231285,299.3334646,307.3762849,349.0429995,330.7040359,167.2502045,188.628757,231.0712698,274.9877198
Alexandria, Egypt,0,0,0,164.9684619,214.704366,360.5138962,224.2994163,131.7784578,156.955894,161.6234174,194.9052088
Alexandria, United States of America,0,0,0,0,0,0,0,0,5400.125,5889.916667,6075
Paris, France,2037.037037,3343.6853,2682.304527,3549.356553,2966.461124,2505.631761,2653.406289,2632.240735,2758.889992,2483.865181,2807.900231
Boston, United States of America,2950,3750,3299.571429,4530.750223,3494.093182,3421.366488,4361.153846,3444.53125,4474.392857,4514.344444,5178.646
Toronto, Canada,3955.288462,2997.607388,3422.950496,3195.231755,3129.899744,2712.520133,2696.98433,2492.18185,2581.438799,2560.910234,3004.581297
Sao Paulo, Brazil,1552.197802,1306.290099,1165.024631,1057.632399,1043.082492,601.3973282,630.0341988,641.7365089,573.7703611,576.6729279,520.1157768
Vilnius, Lithuania,455.6543362,694.9894058,668.5915263,729.6184825,804.0599974,680.8241673,737.7681916,779.5108497,915.0650186,1019.637113,1100.797284
Brussels, Belgium,2574.074074,2920.471014,2852.246914,2685,2576.638221,2231.84918,2245.244502,2359.493954,2414.085972,2542.647725,2740.560292
Poznan, Poland,0,900.243309,758.6763519,831.2394461,808.2941583,722.7074687,745.6941689,857.9356215,805.9813499,898.4717296,760.3868708
Tashkent, Uzbekistan,0,0,0,0,340.9090909,0,0,0,209.2142857,238.75,270
Warsaw, Poland,0,1162.801797,947.3797826,1055.927052,1243.424614,929.5804562,974.7119229,1026.081192,1071.114433,1103.595322,1039.782446
Modena, Italy,0,0,0,0,0,1642.98725,1356.404975,0,0,1693.008574,0
Singapore, Singapore,3161.428571,3049.756098,2439.437984,2854.137393,3098.761441,3152.946635,3130.462425,3022.338128,2975.784627,3185.841842,3518.557184
Montreal, Canada,2788.461538,3302.531339,2866.100324,2516.494755,2737.377925,2140.190417,2096.797827,2260.885799,2212.054463,2391.833726,2391.453567
Cambridge, United Kingdom,0,0,0,3511.212121,2783.453358,3068.475452,2953.226712,2697.077812,2410.040623,2227.628918,2730.297448
Cologne, Germany,0,3260.869565,2469.135802,2805.194805,3106.091532,2306.010929,2395.845158,2808.254963,2582.168762,2397.771623,2761.064857
Skopje, North Macedonia,0,463.7681159,357.7210323,441.5879678,405.3224147,349.0831934,369.9401025,388.0238471,404.2684706,436.4119073,430.2461337
Gdynia, Poland,0,0,0,0,0,680.3037141,781.7059044,919.0830972,0,797.6041449,739.086801
Szczecin, Poland,0,0,0,0,0,673.5928591,643.7476592,0,662.8698205,756.3112873,768.8802253
Ljubljana, Slovenia,1543.209877,1332.730072,1196.700337,1261.117965,1463.237629,1133.041894,1207.19852,1226.121723,1264.625788,1290.6828,1331.074677
Plovdiv, Bulgaria,0,0,0,387.4518519,500.7663903,419.0178222,414.795892,512.6688799,546.1947311,581.1280977,555.7172056
Sofia, Bulgaria,721.4261285,575.5391491,495.6420467,601.5969136,626.8664564,559.704136,602.6369934,646.4077508,739.3826936,776.3547442,780.0672607
Milan, Italy,0,2508.5639,2105.624143,2258.403361,2194.202961,1825.673443,1870.034348,1749.763646,1780.161926,1807.20324,1859.079258
Trieste, Italy,0,0,1584.36214,2164.502165,2040.867238,1777.322404,1700.371373,1809.971638,1693.331776,1679.016768,0
Lodz, Poland,0,0,0,700.7902736,680.0848154,543.8004973,714.5398303,723.3326564,771.5443965,765.1392656,716.8101709
Oslo, Norway,3220.401855,5102.923896,4374.81646,4258.30494,4625.825146,3420.406007,3335.45051,3339.605019,3568.964369,3337.477425,3402.518937
Bonn, Germany,0,0,0,0,0,0,0,2481.713689,0,0,0
Katowice, Poland,0,1021.89781,693.4582218,835.8662614,915.7810203,769.9046911,822.6420353,840.8127232,805.6649065,853.2184212,685.3171982
Lisbon, Portugal,1101.851852,1515.821256,1063.42021,1128.200371,1181.815389,958.6529592,983.5790471,956.4716305,1025.487974,1022.073474,1144.784142
Rzeszow, Poland,0,0,0,0,0,0,0,0,794.090989,0,0
Dubai, United Arab Emirates,3864.41523,4676.166773,3334.843921,3381.109669,3130.584514,3258.093292,3332.89372,3544.960208,3064.034722,2899.095493,2993.703367
Padua, Italy,0,0,0,1852.813853,0,1530.054645,1362.24316,1772.503359,0,1506.637713,2004.066027
Bergamo, Italy,0,0,0,0,0,1729.756582,1718.210272,1656.963726,0,0,1737.460299
Venice, Italy,0,0,0,0,1788.387147,1788.934426,1447.383358,0,0,0,0
Lille, France,0,0,0,0,0,2043.715847,1770.689068,0,0,1943.62981,0
Moscow, Russia,768.015539,1638.66047,1383.685235,1400.282746,1433.949912,972.6572981,851.272384,1044.315241,978.1108879,1014.66875,1011.618981
Saint Petersburg, Russia,0,886.6642832,841.2970677,986.4356822,953.6113415,727.3812613,610.2794227,770.2657004,692.8895686,674.3036214,663.774696
Lausanne, Switzerland,0,5959.215686,6366.51716,5239.583333,6252.923814,5384.356521,4622.704561,4848.703665,5397.75447,4618.360482,6755.244682
Novosibirsk, Russia,0,0,0,715.7784744,744.5270106,549.8122185,432.667667,500.7422049,488.175462,454.7315875,494.4200681
Yekaterinburg, Russia,0,0,0,863.9498433,821.3660162,553.4730755,492.1925538,584.210752,538.7072202,559.2567419,697.2050946
Samara, Russia,0,0,0,0,694.4146156,0,407.3056806,464.6587564,447.5029641,414.2459176,436.5564145
Omsk, Russia,0,0,0,0,0,0,0,0,377.8962476,311.5664461,399.2263864
Kazan, Russia,0,0,0,0,0,441.8715617,446.2772927,561.9635602,470.6405529,481.9437402,503.1980876
Chelyabinsk, Russia,0,0,0,0,0,423.634844,0,526.0287808,436.8142518,452.5069899,0
Ufa, Russia,0,0,0,0,0,0,0,0,429.769147,439.1797182,433.8836201
Volgograd, Russia,0,0,0,0,0,0,0,0,357.3322822,418.4765012,359.9363091
Perm, Russia,0,0,0,0,0,0,0,0,445.3033238,481.178414,0
Krasnoyarsk, Russia,0,0,0,0,0,0,0,0,478.2234728,496.3681127,0
Beijing, People's Republic of China,0,579.5981453,846.183281,981.4133987,1149.230326,1497.138079,1281.811925,1159.14105,1290.049742,1263.080282,1341.795917
Vladivostok, Russia,0,0,0,0,0,0,448.7326061,0,560.8354204,572.7324377,451.4052721
San Antonio, United States of America,0,3000,3400,2871.25,2519.75,2413.333333,2688.28,3423.5,3042.388889,3153.313725,3594.888889
Tomsk, Russia,0,0,0,608.1504702,0,0,0,0,477.3777686,457.9314024,488.7395428
Tbilisi, Georgia,0,0,449.8873608,332.1857824,344.5938312,235.0143774,312.1961685,316.7226809,325.7882806,288.5355219,357.7924539
Maribor, Slovenia,0,0,0,0,1133.941126,928.9617486,1128.591214,0,1196.670059,1313.890893,0
Aachen, Germany,0,0,0,0,2494.670477,0,2630.832104,2277.205553,3211.4913,2308.648056,0
Stuttgart, Germany,0,3985.507246,2854.320988,0,3035.592792,2779.078845,2710.926751,2772.60434,2754.875628,2875.222936,2963.563535
Karlsruhe, Germany,0,0,0,0,0,2306.010929,0,0,3269.882051,2168.729992,2785.280655
Hamburg, Germany,2407.407407,2826.086957,2808.641975,2424.242424,2721.458702,2786.885246,2453.803559,2495.546599,2741.445755,2906.238106,2478.361654
Ahmedabad, India,445.7865976,417.0373665,453.4139403,561.9469027,450.6415164,400.6445527,422.0622433,536.0366705,407.6552006,343.0671244,355.1954353
Prague, Czech Republic,1139.11779,1194.806976,1059.411058,1182.348024,1235.847449,963.38399,1046.049523,1125.879322,1230.183584,1280.38598,1298.817019
Mumbai, India,590.0905953,703.4030249,510.1761681,560.9636185,670.3715721,721.1401552,764.5592722,826.5314239,642.2459539,552.1706077,620.9820416
Jerusalem, Israel,0,1827.48538,1479.935897,1711.956522,2237.295581,1893.185397,1961.618483,2193.922899,2085.430389,1977.657296,2736.2971
Grenoble, France,0,0,0,0,2290.561074,0,2592.046014,0,1891.860329,1921.075018,0
Dortmund, Germany,0,0,0,0,0,0,0,0,0,0,3244.081882
Ghent, Belgium,0,0,0,2285.454545,0,1901.639344,2029.174708,2162.169727,2050.621242,2185.20923,2263.852364
Chicago, United States of America,2750,2800,3102.857143,3686.99375,3246.847619,3003.1,3578.853659,3327.795699,4055.2716,4078.035088,4541.455
Montevideo, Uruguay,0,712.62,903.9531639,909.9391481,1097.125772,753.9505022,552.7818567,665.0144005,907.0031322,743.3113703,600.6966386
Tolyatti, Russia,0,0,0,0,0,0,0,0,0,368.0760466,0
Pittsburgh, United States of America,0,3000,2266.666667,3366.857143,2726.247222,2486.691667,3615,3263.333333,2973.6,3824.716667,3919.222222
Philadelphia, United States of America,3000,2650,2250,3942.1,2786.4125,2501.666667,3550,3154.393939,3739.736842,3077.371791,4239.820513
Kolkata, India,264.2364107,500.4448399,353.3961593,450.9723451,461.1028373,457.0676635,401.2741379,415.0349782,404.9779285,366.3576537,395.336302
Chennai, India,503.307449,549.694967,513.9091394,494.3109987,552.6456318,582.9183042,569.0341716,541.2518573,480.2106273,456.0257736,467.9838557
Delhi, India,781.4830793,624.9904677,607.0044636,581.120944,654.5498941,585.923195,629.028657,684.2356078,574.1932799,538.2975264,480.2460624
Dhaka, Bangladesh,0,300,433.4955363,397.1891231,374.1935484,348.5447839,349.3195513,323.6220097,352.2944391,361.8902824,284.4956764
Hyderabad, India,625.1797527,614.0378749,439.6741239,517.1498322,553.0545205,513.0148963,462.5432332,560.390155,492.9884916,492.4486227,492.503883
Islamabad, Pakistan,145,350,440.8313488,350.3153061,344.8975451,295.5401787,320.1911589,334.2542069,371.2542401,244.627032,292.8644317
Zagreb, Croatia,916.405252,1240.272374,837.9098361,921.8076874,1004.389264,773.6367177,900.4047967,895.4948321,996.7310376,1004.373875,976.2963545
Genoa, Italy,0,0,2037.037037,1801.948052,1969.655735,1842.213115,1210.882809,1575.395048,0,1580.141336,1426.505332
Manila, Philippines,377.562028,289.9559267,368.6635945,423.4940236,579.0152315,479.119184,570.3203305,565.7829354,494.3233245,300.2853465,459.6143389
Quezon City, Philippines,0,0,0,0,0,0,0,0,0,0,340.7179656
Bordeaux, France,0,0,0,0,0,0,0,1873.413942,0,2154.738185,0
Buenos Aires, Argentina,819.0966667,739.6170833,1199.651167,1095.116691,1230.075484,1099.661379,915.1200833,985.5904141,800.8643727,652.6964455,568.8982468
Mexico City, Mexico,1238.390093,697.5979385,728.3912394,1185.288482,924.8279076,709.2213964,666.3482252,774.9640738,581.8539088,632.4056555,637.465087
Tokyo, Japan,3838.561088,3803.819018,4023.427553,3264.21552,2700.444502,2522.816558,2845.549461,2882.119026,2945.598876,3005.302149,2984.674187
La Paz, Bolivia,0,0,0,0,0,0,0,0,435.5218765,0,589.1271073
Barcelona, Spain,1296.296296,2488.586957,1544.612795,1540.76824,1905.021091,1739.938228,1602.076696,1515.042644,1649.411256,1612.329894,1604.10926
Makati, Philippines,0,0,276.4976959,461.0939603,647.6639627,637.1941917,852.7510727,803.9429564,0,0,0
Nagpur, India,0,0,0,0,401.3526005,0,0,724.7839885,0,520.9882824,0
Abu Dhabi, United Arab Emirates,0,4066.666667,3541.404869,3178.5187,3194.125209,3538.87089,3671.396392,3511.345784,2757.945983,2721.028804,2819.303786
Athens, Greece,1019.58916,1426.494565,957.0145903,838.2762692,1004.742394,775.3103108,795.4113433,793.1221078,844.9812413,874.9284126,878.6770916
Caracas, Venezuela,0,575,866.8001091,643.6533256,339.8,0,28.25,33.60875,28.20875,17.83333333,265
Pune, India,573.7704918,533.8078292,632.4933957,684.8196052,624.6823779,664.9959245,743.130121,784.4679446,630.3742014,607.8741026,503.6844945
Guatemala City, Guatemala,0,0,0,0,0,547.6237043,563.4941912,512.6737152,701.4855536,596.4345145,443.2540472
Havana, Cuba,0,0,0,0,0,0,0,0,0,30.04,0
Valenzuela, Philippines,0,0,0,0,0,275.9696328,0,0,0,0,0
Osijek, Croatia,0,0,0,778.5467128,0,591.6988974,646.6831061,610.3806101,722.1053852,824.4465464,861.0944774
Rijeka, Croatia,0,0,819.4535519,889.2733564,790.1873103,620.5622583,679.1631426,703.2671537,862.0859095,782.277209,869.8216357
Split, Croatia,0,0,620.5100182,729.527105,634.5443552,676.4850199,731.4168342,734.6474546,788.1215172,852.1233883,710.788921
Hanover, Germany,0,0,0,0,0,0,2667.726189,0,2900.657869,0,2575.424015
Düsseldorf, Germany,0,0,2925.925926,3987.012987,3013.043563,2547.814208,2734.608544,2606.998912,2854.658933,2286.660931,2961.882664
Dubrovnik, Croatia,0,0,0,0,0,0,0,0,0,0,957.4500636
Munich, Germany,2962.962963,3535.196687,3060.757487,3297.534984,2743.354074,2952.599532,2977.713908,2942.489343,2996.897736,2934.995933,3291.129129
Dresden, Germany,0,0,0,0,2288.293192,2331.51184,0,0,2603.254311,2294.656249,2591.67798
Innsbruck, Austria,0,0,0,0,0,1496.496175,1708.479964,2176.63084,0,2059.593902,0
Vienna, Austria,3024.691358,3045.507246,2098.765432,2733.580705,2473.387274,2061.355945,2087.545631,2095.883353,2371.516559,2109.348765,2598.584408
Stockholm, Sweden,2024.722933,3078.139115,2964.844897,3360.069642,3336.164909,2736.096843,2824.309753,2793.042079,2871.861435,2750.578774,2845.282876
Helsinki, Finland,2279.62963,3571.73913,2722.908093,3102.453102,2959.586338,2651.9516,2747.10305,2779.454429,2771.843293,2667.245334,2879.289784
Dublin, Ireland,2098.765432,3768.115942,2877.67755,2864.782277,2900.699603,2687.969208,2795.896703,2501.292236,2818.337159,2812.81637,2866.535757
Reykjavik, Iceland,0,2475.846841,1778.42792,2128.879063,2275.740168,2223.303178,2373.768149,3463.823537,3664.549275,3231.54617,2924.623363
Tallinn, Estonia,729.8552456,1010.808696,887.5648148,765.1205937,1061.217702,924.0674745,1000.152665,1101.555024,1230.897387,1314.300252,1334.4686
Riga, Latvia,0,718.5530125,655.6019982,731.8763355,762.9935745,681.2021858,704.2040338,716.8747201,831.9629056,909.512447,950.329823
Bratislava, Slovakia,1216.460905,903.7681159,1124.485597,1046.98423,1242.831872,875.7046227,1039.314241,1053.13274,1132.587294,1185.199281,1249.403588
Budapest, Hungary,590.3431701,705.8194879,724.6962112,707.1014175,770.821319,602.8995191,665.3933824,730.6278659,811.5631444,862.6056231,893.260159
Gdansk, Poland,0,985.4014599,689.2655367,919.4528875,973.076038,791.1084455,831.6349194,942.1690454,977.6630264,935.1435129,853.9229332
Frankfurt, Germany,0,3333.333333,2589.506173,3823.953824,3356.465732,2653.005464,2716.657337,3220.046835,2930.923742,2932.180975,3307.722397
Wroclaw, Poland,0,1029.19708,734.6153846,850.1857481,1039.242818,801.6257298,830.3937707,923.3423844,918.3978692,930.9786221,861.7280332
Kochi, India,0,556.0498221,361.5457563,340.7079646,442.1919879,457.5875312,425.5437211,478.8751352,397.0407822,361.6976122,462.9229962
Kaliningrad, Russia,0,0,0,0,0,0,339.0488567,417.9006425,433.9797896,451.4329141,399.1372933
Luxembourg, Luxembourg,0,6290.434872,3611.111111,5779.220779,3905.293237,3672.131148,3443.846306,3762.758434,3651.924392,3998.957034,4434.698093
Phnom Penh, Cambodia,0,0,289.3242703,0,383.3333333,211.6666667,395.25,410,210.3333333,283.3333333,308.3333333
Ho Chi Minh City, Vietnam,0,567.2335362,353.0695444,394.7457973,265.6890571,265.4596845,405.2930649,481.1116002,374.1862967,378.9798152,472.4649032
Hanoi, Vietnam,0,0,485.8673062,0,0,303.0187286,264.7278151,0,470.542784,390.5293359,475.4600984
Bangkok, Thailand,200.431699,646.3374213,656.410821,771.7464482,711.247439,688.8235971,751.0420743,715.6505325,766.9647189,720.1077835,667.7524132
Kuala Lumpur, Malaysia,1370.285426,1159.76,1130.650122,1329.503816,1107.063864,1154.190778,1095.051741,1001.453572,1048.101456,996.5605433,1016.205153
Taipei, Taiwan,1401.333333,1300,986.5906805,1774.069648,1380.54677,1701.588276,2101.5976,2041.791524,1781.858572,1403.578865,1576.313398
Odessa, Ukraine,0,0,0,555.4228856,282.9774891,196.6383354,252.4491541,250.0964583,298.6891966,366.3139592,437.659744
Concepcion, Chile,0,0,0,0,0,1242.803033,0,0,0,0,0
Bologna, Italy,0,0,1831.27572,2259.74026,2100.382948,1883.294301,1683.883907,1660.695626,1539.958737,1562.217383,1781.931503
Cagliari, Italy,0,0,0,0,0,0,1248.722897,1533.811017,1564.872124,0,1461.298145
Catania, Italy,0,0,0,0,0,1092.896175,0,1018.808777,1226.205769,1495.183871,1246.974417
Ottawa, Canada,3365.384615,3092.783505,3883.495146,3752.197802,3419.1184,2596.929397,2624.355267,2741.059623,2922.82467,3203.535573,2682.716243
Yerevan, Armenia,0,0,278.8786648,311.4956509,363.9624425,287.9853304,312.6350922,296.0435297,333.2015253,320.4006949,378.7516348
Dar es Salaam, Tanzania,0,0,429.60901,0,704.6187757,0,0,0,0,0,0
Khartoum, Sudan,0,612.5,0,0,0,0,0,0,0,90.1453246,0
Verona, Italy,0,0,0,0,0,0,0,0,0,1760.728917,1689.848267
Florence, Italy,0,2079.710145,1728.395062,1841.794569,1683.902572,1595.447418,1312.719946,1630.373936,1576.717105,1539.720562,1600.904626
Essen, Germany,0,0,0,0,0,0,0,0,2183.814084,0,0
Leipzig, Germany,0,0,0,0,0,1453.551913,0,0,1628.907314,0,1880.792109
St. John's, Canada,0,0,0,0,0,0,2078.774617,0,2262.013813,0,0
Nuremberg, Germany,0,0,0,0,2993.604572,2185.79235,2547.110909,0,2289.34996,2667.771087,3052.984289
Edmonton, Canada,1958.173077,4121.649485,3769.147789,2906.461952,2867.458343,2471.30102,2456.368201,2744.432338,2625.32001,2742.068985,2837.529161
Mannheim, Germany,0,0,0,0,0,0,0,0,2471.875122,2406.5907,0
Regina, Canada,0,0,2762.838188,2669.871795,2941.139211,3069.196429,2199.05495,0,2514.692046,2220.3794,3015.451374
Charlottetown, Canada,0,0,0,0,0,0,0,0,0,0,1988.828411
Victoria, Canada,0,0,2718.446602,3301.282051,2513.570266,2467.315051,2673.150825,2409.038075,2401.886359,2519.978839,3154.620662
Winnipeg, Canada,2179.711538,2474.226804,2912.621359,2002.403846,2407.994748,2247.156675,1814.440304,2139.461435,2120.964002,2217.859741,2679.992916
Fredericton, Canada,0,0,0,0,1980.836558,0,0,0,2002.921731,0,1687.393646
Halifax, Canada,2307.692308,3865.979381,3171.521036,3134.615385,2173.136376,2283.163265,2096.053454,2109.829717,2170.282046,2175.017141,2744.940636
Quebec City, Canada,0,0,2633.343042,2645.512821,2765.442336,2052.774235,1938.105658,2129.202818,2513.813142,2107.026106,2500.325377
Birmingham, United Kingdom,0,2319.125683,2838.461538,2755.050505,0,2390.484876,2079.633134,2052.412504,2263.83438,2272.099577,2077.232913
Minsk, Belarus,0,0,462.9530231,574.1999285,536.3296617,383.8220743,353.9233511,423.4179695,463.3959443,480.4668588,451.0129515
Nassau, The Bahamas,0,0,0,0,0,0,0,0,1508.333333,1680,0
Naples, Italy,0,0,1716.469855,1844.155844,1394.747585,983.151184,901.8554256,1352.813853,1193.766463,1227.513895,1375.011969
Palermo, Italy,0,0,0,0,0,1066.448087,1267.642941,0,1598.505197,0,0
Parma, Italy,0,0,0,0,0,0,1596.378704,0,1737.124839,0,1697.889273
Augsburg, Germany,0,0,0,0,0,0,0,0,0,2077.223578,0
Madrid, Spain,1954.73251,2721.623188,1613.481481,1696.632997,1969.230508,1578.486136,1647.025096,1841.485462,1733.833601,1784.343476,1759.009912
Freiburg im Breisgau, Germany,0,0,0,0,0,0,0,2171.965965,0,0,0
Bogota, Colombia,0,492.493,544.9820989,531.8838038,582.5882807,408.5348698,394.2582933,438.2001944,349.2629703,340.1937737,302.2793641
Brasilia, Brazil,0,755.9774965,1324.958949,0,1320.779974,819.9953243,709.6746304,695.9888951,892.6429249,841.6856363,599.0671415
Lima, Peru,0,586.109,730,526.8843284,505.5976887,579.9813821,576.1015437,477.489381,470.8040853,493.4474383,447.1714961
Santiago, Chile,1008.16,761.4073333,1059.72514,951.3953193,1010.358376,853.8444744,802.2050262,718.464147,876.1200073,753.9551081,625.9296501
Quito, Ecuador,0,302.565,355.4,572.6666667,0,542,442.4705882,475,602.6666667,577.0454545,473.6842105
Asuncion, Paraguay,0,0,0,0,0,0,368.4077331,345.4114001,401.5284,401.3877842,357.967497
Heidelberg, Germany,0,0,0,0,0,3081.967213,0,2985.520227,0,2560.500571,0
Paramaribo, Suriname,0,0,0,0,0,0,0,0,287.8950187,355.7541279,0
Kathmandu, Nepal,0,0,199.8228777,188.7599494,157.9279848,171.7304244,184.9114157,223.1664535,220.3733989,213.6584759,227.692768
San Jose, Costa Rica,0,850,707.5733701,0,809.2980183,907.5379031,769.8339248,810.9853656,730.7158877,902.2326474,912.2570471
San Salvador, El Salvador,0,0,0,0,0,368.5,347.1428571,400.625,470.8333333,362.8571429,420
Canberra, Australia,3305.084746,4680.851064,4271.84466,5313.670396,4906.044617,3702.735777,3632.49172,3531.303939,4056.114278,3187.550619,3385.700109
Sydney, Australia,3564.723729,4472.582598,4585.98301,4417.92576,4450.440443,3511.05233,3439.104251,3686.7367,3988.55664,3369.971846,3917.474702
Melbourne, Australia,3262.711864,3246.504559,3912.537597,4367.100658,3834.312999,3263.791029,3396.372614,3246.459848,3354.88049,3100.557817,3413.780496
Perth, Australia,3983.050847,5360.425532,4102.736099,4501.078286,4281.319563,3094.970662,3201.30213,3233.568899,3347.932167,2813.297852,3221.909062
Tegucigalpa, Honduras,0,0,0,0,0,0,0,0,491.6774991,346.8902396,0
Managua, Nicaragua,0,0,0,0,0,0,0,0,388.1154705,389.2551806,0
Panama City, Panama,1050,700,1094.333333,0,780,718.092,757.1666667,708.9166667,786.25,781.3333333,814.25
Trento, Italy,0,0,0,0,2414.444142,2185.79235,1854.164302,0,0,0,1865.033947
Voronezh, Russia,0,0,0,0,0,0,0,510.0620539,430.355343,414.2764633,428.6653073
Bari, Italy,0,0,0,0,0,0,1312.420378,0,1599.906575,0,0
Rabat, Morocco,0,0,0,0,0,0,0,505.6503177,542.3507482,458.1913283,527.6942092
Algiers, Algeria,0,0,0,417.3857868,0,390.699543,337.1452002,339.3038501,292.2353139,300.5221924,286.8685648
Tunis, Tunisia,0,343.7515,373.8579395,377.6840491,435.3157572,309.8176647,324.4463253,262.2377622,312.5006458,319.3224114,284.9312685
Tripoli, Libya,0,0,0,744.047619,868.852459,0,727.5181089,1114.257512,1170.245913,0,0
Tehran, Iran,775,826.25,588.4099278,476.0598224,537.553728,555.6969313,514.3531161,553.0528683,496.1894168,334.9276843,310.8534479
Addis Ababa, Ethiopia,0,0,216.6666667,245.7524533,246,230,0,0,0,0,0
Jakarta, Indonesia,317.7167474,644.0318737,548.9520353,441.5449398,387.9412016,458.2391397,618.1953295,481.1408391,364.7475532,438.0599565,453.0524715
Ankara, Turkey,0,911.9496855,903.2258065,1026.455026,924.9075916,862.7692078,739.6354077,626.4650732,572.2311542,491.2020546,518.4590998
Krasnodar, Russia,0,0,0,0,0,0,407.6873612,520.1840166,462.1908719,475.4951972,451.7022493
Riyadh, Saudi Arabia,0,2000,2306.666667,1875.336102,2168.657565,2119.943468,2013.632013,1750.509516,1652.263851,1458.100037,1854.0337
Belgrade, Serbia,390.9465021,554.3478261,548.0032329,548.308903,554.0670611,395.038028,409.353448,418.3174043,453.9860951,465.7729494,540.0844954
Accra, Ghana,0,0,305.1964461,316.6666667,404.9101263,0,0,0,0,0,327.2990223
Amman, Jordan,675,603.32,640.0001374,687.71518,676.0024179,618.7652927,646.5973202,628.5070694,657.3459011,597.2311746,623.4132581
Beirut, Lebanon,500,1033.333333,1088.105884,959.9225589,1200,1234.550869,1056.224414,1089.628511,1015.224805,936.7217447,841.4030422
Muscat, Oman,1877.504059,2199.263964,2280.701754,2263.931889,2034.29634,2285.232586,2109.408812,1635.048096,1439.489166,1735.921659,1948.20906
Kigali, Rwanda,0,0,0,0,0,0,312.0607652,0,0,299.0055249,445.236407
Doha, Qatar,3703.703704,4034.258455,5942.833467,3782.476754,3475.904001,3579.197746,3058.043482,3183.271503,3257.176121,3121.541326,3109.945736
Nairobi, Kenya,0,0,490.1381835,518.2793127,493.8271605,292.8235348,338.8474492,292.2856161,349.9671243,383.362813,439.4885634
Manama, Bahrain,0,0,1711.711712,1123.552124,1338.240495,1567.435217,1856.763926,1256.394625,1389.047003,1071.167338,1629.857246
Maputo, Mozambique,0,0,0,0,0,0,0,0,0,278.9559346,306.3107039
Kampala, Uganda,0,0,0,0,0,0,208.6438152,0,212.0517274,0,149.3429294
Luanda, Angola,0,0,1762.76,0,1933.333333,0,0,0,0,0,0
Gaborone, Botswana,0,0,0,534.1951321,0,620.9562727,0,0,914.7120476,0,0
Harare, Zimbabwe,0,0,0,700,500,400,380,0,480,0,275
Pretoria, South Africa,0,3529.411765,1352.941176,1888.667992,1910.004931,1748.237097,1296.183,1423.260523,1219.476075,1366.108665,1095.38444
Port Louis, Mauritius,0,0,0,0,0,0,0,582.7785402,492.0367328,0,0
Windhoek, Namibia,0,0,0,0,0,0,687.9741841,863.4808362,1097.09787,773.8384189,0
Glasgow, United Kingdom,0,3114.754098,1538.461538,2484.469697,2914.642997,2614.203702,2443.500149,2430.798262,2365.938526,2279.940456,2570.810453
Curitiba, Brazil,943.956044,1162.974684,1477.832512,514.0186916,594.9459343,521.6565999,601.6023517,595.7853202,449.5657312,445.633114,324.4503021
Surat, India,0,0,0,504.4247788,543.5863291,508.3058219,361.2167219,475.2512153,356.8905907,395.2324901,366.2970537
Pula, Croatia,0,0,0,0,0,0,689.5086993,719.1613129,790.6263342,0,0
Hangzhou, People's Republic of China,0,0,0,0,0,0,956.1714584,0,1123.675556,932.8094969,1193.816289
Seattle, United States of America,0,3383.333333,4187.5,3403.692308,3336.861364,3605.795333,3760.919153,4564.473684,4750.550333,5270.78813,5952.798158
Baltimore, United States of America,0,0,0,3526.666667,3027.815,3344.666667,3471.428571,2955.555556,3734.933333,3791.363636,4228.485417
Adelaide, Australia,0,4265.425532,4379.056865,3260.48951,3205.128205,3400.929617,2766.165603,2714.184521,3153.637238,2995.818251,3075.384286
Saratov, Russia,0,0,0,0,0,0,0,0,373.8902803,327.0938589,382.0314093
Izhevsk, Russia,0,0,0,0,0,0,0,0,401.8546026,399.0581442,0
Cape Town, South Africa,2023.498695,2058.823529,1823.691176,1594.975601,1641.562565,1490.570741,1119.819453,1446.670985,1280.521336,1241.553136,1160.525766
Durban, South Africa,0,0,1921.568627,1018.88668,1329.675937,1222.573599,997.5017725,1477.009032,1191.363416,982.2034337,1014.837207
Treviso, Italy,0,0,0,0,0,0,1731.184016,0,0,1522.308536,0
Mecca, Saudi Arabia,0,0,0,0,0,0,0,0,0,1216.472031,0
Tyumen, Russia,0,0,0,0,0,0,0,0,510.0931681,572.7324377,427.6470999
Kabul, Afghanistan,0,0,0,0,0,0,0,0,203.8454089,0,0
Medan, Indonesia,0,0,0,0,0,0,0,421.2334726,205.6199593,0,0
Kemerovo, Russia,0,0,0,0,0,0,0,0,0,522.8258058,0
Portland, United States of America,0,2066.666667,2613.666667,2822.222222,2780.32125,2714.352941,3211.103111,3324.52381,3586.96875,3734.861111,3932.613636
Brescia, Italy,0,0,0,0,0,0,0,0,1681.653626,1580.887566,1725.723524
Coventry, United Kingdom,0,0,0,0,2847.094289,2549.323605,0,2746.650648,2665.757745,2812.184024,0
Indianapolis, United States of America,0,3250,2795,3284.833333,2388.333333,2126.25,1922.666667,0,2819.446842,3720,3446.583333
Montpellier, France,0,0,0,0,0,0,1787.944148,0,0,0,0
Antalya, Turkey,0,0,0,0,730.8896198,578.3427416,725.7369419,563.6502518,542.7874614,430.1094049,422.5873948
Varna, Bulgaria,0,0,411.3924051,331.6239316,452.8669964,438.3788745,433.3985801,469.0161701,541.7977789,566.942304,612.6303971
Burgas, Bulgaria,0,0,0,0,0,0,487.4013005,425.8699634,465.197148,0,0
Irkutsk, Russia,0,0,0,0,0,0,0,0,464.6922055,416.7310309,492.9820735
Strasbourg, France,0,0,0,0,0,0,0,0,2212.175306,0,0
Lugano, Switzerland,0,0,0,4687.5,4520.680181,5158.646219,3918.999678,4642.046627,4994.541439,4458.417262,5958.979323
Yogyakarta City, Indonesia,0,0,0,0,0,0,0,310.4309821,0,141.046486,0
Toulouse, France,0,0,0,0,2630.743412,0,2287.433307,2429.467085,2329.790961,2610.151495,1948.397527
Casablanca, Morocco,0,0,0,540.2160864,0,521.8808178,514.3078714,512.4834301,413.4835546,451.2869269,479.0101628
Ostrava, Czech Republic,0,0,0,0,0,763.8335987,785.6418522,821.1409583,966.9231636,979.6437769,989.2708541
Miami, United States of America,2000,2543.948,3095,3413.324258,2531.06875,3068.013333,2716.666667,3055.584783,2823.322222,3258.388889,3196.634219
Karachi, Pakistan,0,367.5,235.0489524,220.1497502,303.1717049,318.470515,302.6682597,307.0174258,247.5067694,233.4934609,231.8571731
Lagos, Nigeria,0,0,650,657.6500257,942.9116996,641.0600352,502.5633242,259.2854362,230.9179811,246.3450292,204.6863159
Rio de Janeiro, Brazil,0,851.7610586,1125.779967,1249.639519,790.1221976,636.3457556,670.112171,623.0056991,513.1929367,544.6851748,345.0465792
Seoul, South Korea,2478.599006,2814.590697,2291.534055,2135.123654,2740.91335,2582.457546,2238.73563,2569.484062,2648.244877,2296.269215,2250.355407
Shanghai, People's Republic of China,0,721.2776919,1018.01426,1032.135076,1482.309574,1488.066193,1432.781687,1297.918223,1277.343427,1218.83259,1458.792646
Bilbao, Spain,0,2634.782609,2283.950617,2027.597403,0,0,1806.864192,0,1811.117599,1550.771868,1580.985422
Seville, Spain,0,1826.086957,1378.600823,1720.779221,1451.444641,1293.269581,1216.288536,1306.165099,1480.622612,1422.463006,1423.045932
Vigo, Spain,0,0,0,0,0,0,0,0,0,1682.822539,0
Granada, Spain,0,0,0,0,0,0,1305.483029,0,0,1217.287157,0
Valencia, Spain,0,2035.196687,1592.592593,1547.619048,0,1627.200971,1303.591024,1394.704433,1589.290075,1465.323725,1617.576059
Palma, Spain,0,0,0,0,0,1256.830601,1487.11545,0,1481.37335,1295.241507,1757.870227
Malaga, Spain,0,0,0,1282.467532,1734.929922,1234.061931,1603.47372,1268.846096,1426.836389,1164.118292,1714.843115
Cancun, Mexico,0,0,0,0,0,0,0,0,526.4369095,471.5586415,0
Guadalajara, Mexico,0,0,731.7073171,793.1288056,598.369637,516.9534375,432.7084984,688.0219507,464.755216,605.4596295,432.6080465
Baku, Azerbaijan,0,442.0289855,435.8587748,529.3321966,713.9214686,428.788023,292.9490248,248.400203,282.9385358,326.5350519,342.1547968
Bandar Seri Begawan, Brunei,0,0,0,0,0,955.9365782,0,0,1455.771717,1907.098117,0
Male, Maldives,0,0,0,0,636.8919307,486.1111111,631.113459,0,660.8703075,0,711.97411
Bishkek, Kyrgyzstan,0,0,0,0,0,0,0,221.2734019,229.0062682,241.9649833,239.4558566
Coimbatore, India,0,0,0,324.4837758,397.1278363,293.0806028,293.2773174,368.2279173,347.5965649,368.6441226,313.3651168
Mysore, India,0,0,0,0,0,0,0,270.2408871,348.4441801,416.7906259,0
Bandung, Indonesia,0,0,0,309.613609,227.5118733,0,222.4115086,353.7984788,220.1529305,370.0724633,270.5594092
Saskatoon, Canada,0,0,2135.92233,0,2547.497302,2170.138889,2067.662746,0,2294.323152,2335.555807,3110.473389
Belfast, United Kingdom,0,0,2756.923077,2042.929293,2714.509016,1930.384557,2339.33453,1677.70982,2190.850571,2019.365802,2421.433895
Cardiff, United Kingdom,0,0,0,2181.818182,2065.538994,2836.235859,2110.286149,2555.498924,2271.813077,2346.646444,2544.617484
Sarajevo, Bosnia and Herzegovina,524.691358,601.4492754,539.4133982,543.739953,573.0721177,460.5801794,490.9927427,490.5102202,518.5348076,543.4058074,768.6181679
Surabaya, Indonesia,0,0,0,0,0,0,291.8922329,379.5661258,0,261.843724,330.5136237
Darwin, Australia,0,0,3519.417476,0,0,0,2190.76006,3700.920756,0,0,0
Lahore, Pakistan,0,225,228.0832792,287.031325,309.9569442,286.0367782,366.8426922,404.0435467,286.4197841,224.2055649,217.9935147
Wuhan, People's Republic of China,0,0,0,0,0,0,0,0,703.9802158,0,0
Rajkot, India,0,0,0,0,0,0,0,0,0,449.1278297,0
Vadodara, India,0,0,0,410.0294985,473.1735922,404.0245244,474.9092923,523.6194529,439.4091478,473.0813139,301.0881276
Alicante, Spain,0,0,1111.111111,0,2177.166961,0,0,1078.519182,1377.048542,1511.674763,0
Nantes, France,0,0,0,0,0,0,0,0,1950.25108,0,0
Detroit, United States of America,2131,2000,2505.5,3065.6,2740.6,3303.371111,2620,3125,2365.483333,2369.444444,3500.222222
Graz, Austria,0,0,0,0,0,1927.140255,2279.865289,2064.487237,2218.848534,2095.311168,2145.95885
Pisa, Italy,0,0,0,0,0,1311.47541,1203.314792,0,0,0,0
Tartu, Estonia,0,0,0,0,0,889.3989071,956.8136484,0,1186.822181,1165.657391,1206.15085
Brno, Czech Republic,0,1266.878307,1025.068681,1048.378926,1071.977292,893.2053416,921.6815682,950.2950059,1113.292343,1111.136077,1139.914156
Shenzhen, People's Republic of China,0,0,843.7990581,851.6573296,1275.029069,1730.209371,1321.867596,1204.607295,1256.014205,1174.116803,1357.175883
Nanaimo, Canada,0,0,0,0,0,0,0,1862.755754,1862.449423,0,0
San Diego, United States of America,0,3250,3812.5,3895,2883.6,2831.777778,3610.222222,4006.574074,4209.177083,4491.9,5252.811594
San Jose, United States of America,4150,2900,4375,4510.25,4100,4583.137033,5124.117647,4545,6501.405797,6224.904762,6603.333333
Denver, United States of America,2490,3700,3600,3642.333333,2752.399286,2873.561429,3824.7625,3448.681159,3637.837083,4220.448718,4414.277154
Houston, United States of America,2966.666667,3460,3493.75,3565.115385,3539.65,2957.589286,3742.432432,3455.025195,3663.802579,3926.357273,4468.643678
Phoenix, United States of America,0,2243.5,3200,3332.5,2592.7875,3395,2993.10381,2890.020115,3457.294872,3413.322917,3912.166667
Dallas, United States of America,2864.333333,0,3083.333333,3739.428571,2985.221667,3098.189,3831.416389,3707.111304,4115.639837,4768.267241,4825.108974
Fort Worth, United States of America,4300,0,0,0,3295.2,0,3123,3073.833333,3316.888889,3531.9,0
Austin, United States of America,2750,3600,3200,3215.2,3100.45,2900.642857,3197.573913,3587.86513,3983.10321,4511.426667,4600.784314
El Paso, United States of America,0,0,0,0,0,0,0,2126.666667,2493.7,2824,0
Memphis, United States of America,0,0,0,0,2232.608333,0,3100,0,3056.866667,2972.142857,2441.888889
Charlotte, United States of America,2576.666667,2900,2100,3548,2925,3135,2763.333333,2814.5,4101.016667,4364.641026,5431.924615
Jacksonville, United States of America,0,0,0,0,2702.291667,2538.888889,2465.875,2754.407407,3258.205128,3458.020833,4310.416667
Guangzhou, People's Republic of China,0,0,418.6289901,638.1604031,720.0691266,1443.711387,984.5144903,1122.714125,935.1766705,1103.532172,1137.218089
Nanjing, People's Republic of China,0,0,0,0,0,0,0,0,841.6590034,929.1682959,0
Long Beach, United States of America,0,0,0,0,0,0,3440,0,4027.30303,3946,0
Oakland, United States of America,0,0,0,0,0,2949.888889,3223.166667,0,5312.333333,4510.5,5058.333333
Thessaloniki, Greece,1119.341564,1153.985507,856.7901235,920.3463203,1087.783052,903.750621,733.1323947,719.159137,769.6139299,738.1568263,763.8955382
Sacramento, United States of America,0,0,0,3668.888889,2098.666667,2696.452,2968.6,3456.599306,3848.240741,3849.833333,3830.5
Honolulu, United States of America,5000,2133.333333,2910.5,2919.333333,2570,2748.888889,2870.142857,3611.333333,3735,3413.5,3902.277778
Manchester, United Kingdom,2173.913043,2581.967213,1881.846154,1658.722727,2497.348295,2113.923089,2377.257458,2021.162976,2233.04314,2268.595423,2585.037765
Providence, United States of America,0,0,0,0,0,0,0,0,2570.03125,3163,0
Brooklyn, United States of America,0,0,0,0,0,0,3100,3075,3712.238095,4355.666667,3975.111111
Tucson, United States of America,0,0,0,0,0,2768.75,2549.272727,0,2549.214815,2813.518519,2556.25
Simferopol, Russia,0,0,0,0,0,0,238.28439,0,0,0,0
Bucharest, Romania,457.8719973,593.0153189,527.6115893,530.7767666,574.2126909,528.0325555,592.9345713,660.7710801,689.2220984,721.2452815,795.6449898
Tirana, Albania,0,471.7898551,384.5348183,449.4809906,428.2567796,319.9549981,307.1269003,357.8331424,375.8296261,376.0040535,422.513464
Bradford, United Kingdom,0,0,0,0,0,0,0,0,0,1737.866532,0
Red Deer, Canada,0,0,0,0,0,2115.553253,2672.710222,2733.51631,2477.066415,2634.07006,2995.225705
Bristol, United Kingdom,0,0,0,2828.282828,3209.959247,2476.644802,2392.390935,2729.640956,2749.753428,2265.603456,2434.952519
Nashville, United States of America,0,0,3533.333333,0,2952.571429,0,3257.555556,3146.015152,3647.166667,3964.261905,3623.972222
Salt Lake City, United States of America,0,0,3450,3063.2,3145.833333,3105.268,3284.44875,2825.541667,3437.5,3530.30303,4740
Ulaanbaatar, Mongolia,0,0,0,403.0664141,0,354.2902878,483.0215005,290.3835374,354.5129798,413.7001538,0
Edinburgh, United Kingdom,0,3619.945355,2794.153846,2423.989899,2814.645788,2614.502132,2491.534114,2271.25571,2639.674875,2378.435518,2414.293916
Marseille, France,0,0,0,0,0,0,1892.004389,0,1885.048075,1693.008574,0
Atlanta, United States of America,2033.333333,2366.666667,3840,3379.083333,3371.787692,2752.130353,3537.260088,3780.261923,4073.371212,4466.904762,4721.348839
Podgorica, Montenegro,0,0,0,0,0,510.0182149,547.5460703,564.0767279,551.1252732,547.4911539,534.6200382
Wellington, New Zealand,2815.306122,2479.338843,3020,2848,2770.334697,2423.608649,2848.115785,2980.883869,2890.986124,3238.176033,2722.720038
Las Vegas, United States of America,3000,4000,3233.333333,3260.666667,3167.555556,2402.486,3026.667647,3384.266667,3088.611111,3452.038462,3265.411667
Valletta, Malta,0,0,0,0,0,0,0,1478.948123,1167.166232,1218.841802,0
Vancouver, Canada,2968.028846,3010.309278,2791.262136,3266.214034,3053.262272,2465.84145,2277.936512,2398.308156,2461.468196,2822.493324,3418.885016
Liverpool, United Kingdom,0,0,2675.897436,0,2489.114051,2363.961088,2520.381424,2042.096182,2280.502098,2072.800809,2270.137252
Albany, United States of America,0,0,0,0,0,0,0,0,2894.416667,3383.571429,0
Bremen, Germany,0,0,0,0,0,2609.289617,0,2373.48858,0,0,0
Harrisburg, United States of America,0,0,0,0,0,0,2853.186667,0,0,0,0
Uppsala, Sweden,0,0,0,0,0,2204.753455,0,0,2423.425564,2554.900378,2316.926828
Gothenburg, Sweden,0,3536.585366,2796.882164,3398.791541,3975.370636,2361.155211,2624.024881,2469.137001,2617.866518,2449.515914,2840.676571
Newark, United States of America,0,0,0,0,0,0,0,0,2095.222222,2444,0
Kosice, Slovakia,0,0,0,0,0,750.4553734,729.8091598,825.6829378,812.2802237,951.4428351,990.8993135
Funchal, Portugal,0,0,0,0,0,0,0,721.0031348,0,0,1115.572999
Trondheim, Norway,0,3358.208955,4236.324251,4429.301533,4177.932932,3238.531302,3149.938786,3459.678273,3541.709615,3248.893324,3134.176656
Jersey City, United States of America,0,0,0,0,0,0,4286.626667,3925,4076.636364,5077.424242,6200
Bergen, Norway,0,0,4193.846959,4381.033504,4184.251645,3411.992604,3199.76371,2830.764725,3501.712732,3570.489602,3302.170546
Martin, Slovakia,0,0,0,0,0,0,0,469.312584,0,0,0
Baton Rouge, United States of America,0,0,0,0,0,0,0,0,2322.666667,2580.8,0
Lincoln, United States of America,0,0,0,0,0,0,0,0,2946.777778,3039,0
Springfield, United States of America,0,0,0,0,0,0,0,0,2963,2893.333333,0
Saint Paul, United States of America,0,0,0,0,0,0,0,0,0,4133.333333,0
Boca Raton, United States of America,0,0,0,0,0,0,0,0,3793.5,6172,0
Chengdu, People's Republic of China,0,0,0,0,0,0,0,963.965289,952.711233,769.3588797,0
Krakow, Poland,0,967.1532847,781.972265,847.5785208,986.5279039,807.2307181,881.6352808,889.4920651,928.9765722,941.7946462,865.3161916
Las Cruces, United States of America,0,0,0,0,0,0,0,0,2120.142857,2198,0
Little Rock, United States of America,0,0,0,0,1733.333333,0,2430.833333,0,2745.583333,3324,0
Hartford, United States of America,3500,0,0,0,0,3383.333333,2560,0,2501.740741,2367.5,0
Nice, France,0,0,0,3430.735931,2279.221663,2386.156648,2111.476899,3077.399612,2199.384951,2303.291193,2037.467128
Fargo, United States of America,0,0,0,0,0,0,0,0,3134.7,3219,0
Thunder Bay, Canada,0,0,0,0,0,0,0,0,2331.794438,0,0
Barrie, Canada,0,0,0,0,2948.221854,0,0,0,2362.234499,0,1945.703863
Oxford, United Kingdom,0,0,0,0,0,3080.508689,2445.770855,2192.703024,2519.870505,0,2800.936617
New Orleans, United States of America,0,0,0,2938,0,2006.25,2810.5,2860.190476,2855.259259,3319.393939,2625
Johannesburg, South Africa,0,2400.768206,1874.68446,1840.954274,2039.782284,1549.220186,1331.264007,1808.977462,1431.044603,1190.061865,1218.313675
Kingston, Jamaica,0,0,0,1009.582478,0,0,0,0,581.1436799,682.9592439,0
Salzburg, Austria,0,0,0,0,0,0,0,2115.987461,0,2283.462804,0
Dayton, United States of America,0,0,0,0,0,0,0,0,1891,2720.666667,0
Albuquerque, United States of America,0,0,0,2862.142857,2797,0,2760,0,2898.846154,2916.458333,0
Santo Domingo, Dominican Republic,0,0,0,665.1884701,388.1709523,333.2032121,363.9482223,384.0110063,357.996037,452.8301887,311.452718
Oklahoma City, United States of America,0,0,0,2400,2003.75,2361.5,2366.666667,2771.238095,3044.37037,3139.074074,3536.8
Brisbane, Australia,3502.824859,3439.716312,3636.669156,3688.98614,3588.27341,3156.092754,3130.837059,3223.246622,3366.597763,3304.00769,3344.664227
Kuwait City, Kuwait,0,0,1652.786111,2506.075986,2443.242284,2660.891089,2211.74127,1995.631543,1943.919761,1483.508052,1669.149417
Colombo, Sri Lanka,0,550,370.8644231,441.8942092,300.8671942,255.3096189,261.1042436,279.5579511,286.3919223,279.3548959,296.0209525
Almaty, Kazakhstan,0,0,672.0488271,847.5474737,791.4191233,843.3042306,451.3249603,481.2133109,431.2853407,410.4514609,443.0260489
Osaka, Japan,0,0,0,0,0,1730.595894,0,2273.698862,2209.298002,2518.279073,0
Boise, United States of America,0,0,0,0,2366.666667,1900,2116.666667,2920.555556,2407.106,2810.047619,0
Izmir, Turkey,0,0,950.5448753,708.5243974,743.6007436,685.5950518,634.7626383,597.7355398,528.726985,442.3478867,447.5140457
Lviv, Ukraine,0,0,0,342.9881841,248.3127467,160.9888883,169.7823431,202.1383684,280.823403,339.4674455,381.1189418
Minneapolis, United States of America,0,2735,3500,3116.7,2857.740833,3141.891858,3005.917778,3477.694889,3661.904762,4052.28125,5141.666667
Calgary, Canada,3617.360577,3753.556701,3600.323625,3854.215976,3709.462871,3235.06258,2683.78925,3020.612083,3083.29867,3137.406309,3351.070427
Aberdeen, United Kingdom,0,0,3804.615385,2727.272727,0,2870.877033,2900.349396,2614.678899,0,3001.769464,2631.295452
Porto, Portugal,0,1077.294686,992.078924,1006.493506,1044.845752,915.6865375,936.9626182,914.3155695,922.9985243,892.1947721,918.6270773
Cork, Ireland,0,0,2374.691358,2714.285714,3197.713975,2563.145112,2759.338834,2430.220641,2614.608068,2490.634818,2781.52576
Salvador, Brazil,0,0,0,0,0,0,0,0,0,420.361499,224.2599291
Tallahassee, United States of America,0,0,0,0,0,0,0,0,2848.166667,2822.5,0
Auckland, New Zealand,0,3104.958678,2704.833512,3073.296471,2632.697781,2537.643043,2674.958638,2716.494026,2679.914053,2592.919155,2785.235333
Cleveland, United States of America,0,0,0,3016.6,2519.75,2632.555556,2800,3095.833333,2813.777778,3364.833333,3634.895833
Lublin, Poland,0,0,0,0,0,785.8337537,626.6711958,686.6325134,0,0,787.9516669
Milwaukee, United States of America,0,2763,0,2524.2,2736.966667,0,3093.5,3476.952381,2626.153846,2751.625,3665.222222
Yangon, Myanmar,0,0,0,0,367.5990755,0,0,0,0,0,0
Yokohama, Japan,0,0,0,0,0,3324.987481,0,0,0,0,0
Columbia, United States of America,0,0,0,0,0,0,1984.13,0,3016,2616.666667,0
Turku, Finland,0,0,0,0,0,0,2554.205926,0,2592.54934,2693.142896,0
Adana, Turkey,0,0,0,0,0,0,632.0749296,495.2204721,421.6260914,374.6543907,417.035285
Santa Fe, United States of America,0,0,0,0,0,0,0,0,3032.37037,3328,0
Suva, Fiji,0,0,0,0,0,0,0,0,592.2925265,691.4336832,0
Leeds, United Kingdom,2178.84058,1639.344262,3230.769231,2939.393939,2874.225423,2522.166489,2353.569176,2282.076644,2634.410074,2317.102713,2448.528765
Port of Spain, Trinidad and Tobago,0,0,0,596.9360803,0,1080.901961,0,964.6634599,944.9230046,760.1532115,1158.329381
Sochi, Russia,0,0,0,0,0,0,0,0,0,477.2770314,0
Anchorage, United States of America,0,0,0,0,3825.358333,0,0,0,4291.166667,0,0
Des Moines, United States of America,0,0,0,0,0,2078,0,0,2985.625,3360,0
Hobart, Australia,0,0,0,0,0,2427.307527,0,0,3340.255399,3272.567396,0
Manaus, Brazil,0,0,0,0,0,0,0,493.7724714,0,0,453.3430545
Porto Alegre, Brazil,0,808.0168776,295.5665025,689.2523364,862.6716047,689.0839431,599.9648929,637.1649195,499.1405704,482.8371608,359.9637326
Buffalo, United States of America,0,0,0,3016.833333,0,0,0,2566.666667,2579.244444,3121.2,3855.555556
Bursa, Turkey,0,0,0,0,851.6452961,785.8881685,744.6991898,593.8121382,501.7717189,478.6113167,401.6002685
Tampere, Finland,0,0,0,0,0,2116.159251,0,2339.901478,2744.365293,2556.722783,0
Raleigh, United States of America,0,0,2566.666667,3163.333333,2375,2570.846667,3240.8,3441,3907.75463,4134.583333,5015.555556
Bydgoszcz, Poland,0,0,0,0,0,0,722.7404562,0,0,977.9887336,750.217257
Nottingham, United Kingdom,0,0,2538.461538,2651.515152,2449.003517,3019.900019,2667.540156,1776.815041,2091.050437,1921.329942,2435.238144
Linz, Austria,0,0,0,0,0,1976.320583,2146.614123,2096.394984,2259.72206,2208.552825,2453.434536
Mykolaiv, Ukraine,0,0,0,0,0,0,0,0,228.52667,280.0683926,277.7937137
Haifa, Israel,0,0,1376.068376,1983.695652,2526.414696,1871.243872,1865.64728,2617.398434,2061.057441,2255.168282,2414.306599
Kansas City, United States of America,0,1513.82,2900,2865.142857,3692.5,2510,3238.8,2656.25,3243.791667,3337.833333,4190
Isfahan, Iran,0,0,0,0,293,316.6,380.4963183,448.5452035,420.4973151,459.9166183,567.0038402
Kharkiv, Ukraine,0,0,394.3466667,317.2427337,241.0962548,173.9805451,190.116088,204.3284934,272.5272825,332.8266119,384.3986689
Sheffield, United Kingdom,0,0,0,0,0,2053.883569,0,2017.499151,2235.279867,0,2301.43763
Suzhou, People's Republic of China,0,0,0,0,0,0,0,0,0,1086.153712,0
Belo Horizonte, Brazil,1311.648352,798.8495499,640.3940887,717.1339564,773.4297146,518.1672581,477.834856,434.1823809,442.9150776,368.8320366,323.8364974
Cincinnati, United States of America,0,0,0,2987.6,3079.433333,2712.5,2666.666667,2962.531111,2777.5,3564.285714,3972.222222
Omaha, United States of America,0,0,0,2900,0,2452.4975,2721.8,3159.066667,2946.545455,3446.285714,3375
Fresno, United States of America,0,0,0,0,0,0,0,0,2558.555556,3139.5,3487.388889
Richmond, United States of America,1000,2800,2590,0,3163.875,0,2691.333333,3126.235556,3228.481481,3148.939394,3870
Chandigarh, India,550.0431406,452.2538553,400.0711238,300.8849558,464.7240638,342.7134098,491.5727763,500.4460873,401.5019146,457.2121306,526.01867
Plzen, Czech Republic,0,0,0,0,0,0,0,0,0,1098.743454,0
Fortaleza, Brazil,0,0,0,0,654.4405277,0,0,0,429.7147768,0,289.2048269
Derby, United Kingdom,0,0,0,0,0,3115.975072,0,0,3039.317495,2117.037412,0
Guayaquil, Ecuador,0,0,0,0,0,474.75,458,0,487.6,566,531.25
Louisville, United States of America,0,0,0,2833.333333,0,2144,2650,2267.857143,2551.82,3480,3393.75
Madison, United States of America,0,0,5500,3112.8,2993.7,2837.555556,3207.375,3062.375,3201.066667,3390,4211.111111
Salem, United States of America,0,0,0,0,0,0,0,0,2852.037037,2936,0
La Plata, Argentina,0,0,0,0,0,0,0,0,0,699.1989976,0
Brampton, Canada,0,0,0,0,0,0,0,2115.839621,1998.754444,2184.45093,3102.679593
Cordoba, Argentina,0,0,0,0,0,0,896.0423562,879.7561819,757.8566316,591.0562193,602.5003847
Mendoza, Argentina,0,0,0,0,0,0,0,0,650.989504,721.5733656,482.0485685
Tulsa, United States of America,0,0,0,0,0,0,3352,0,2647.714286,3298.571429,0
Coimbra, Portugal,0,952.8985507,1055.555556,952.3809524,1020.547013,0,997.0863132,1017.381948,957.7751456,0,0
Espoo, Finland,0,0,0,0,0,0,2531.501873,0,3065.514423,3223.712194,3148.23928
Oulu, Finland,0,0,0,0,2086.451671,0,2650.508949,0,2625.034061,0,0
Santa Monica, United States of America,0,0,0,0,0,0,0,0,5218.571429,6609.6,0
Palo Alto, United States of America,0,0,0,0,0,0,0,0,6421.714286,8346,0
Green Bay, United States of America,0,0,0,0,0,0,0,0,2829.25,2785,0
Charleston, United States of America,0,0,0,0,0,3216,3540,0,3499.242424,3604.555556,4059.833333
Lucknow, India,0,0,0,0,709.7603883,430.9205651,371.9289616,652.3055896,340.1613443,448.7286049,489.0669453
Dnipro, Ukraine,0,0,0,459.4527363,331.1544067,190.7803452,235.6589035,222.6573587,310.1809059,360.6946712,384.369148
Medellin, Colombia,0,0,497.0287678,0,542.3361165,440.0403449,327.3968438,271.3085234,357.3439794,348.384545,326.1204067
Recife, Brazil,0,0,0,0,1328.960481,0,422.6826902,0,327.7171999,318.3501512,250.7474485
Manchester, United States of America,0,0,0,0,0,0,0,0,3266.5,3954.4,0
Cambridge, United States of America,0,0,0,0,0,0,0,0,5265.333333,6189.166667,0
New Haven, United States of America,0,0,0,0,0,0,0,0,2879.814815,3832.375,0
Stamford, United States of America,0,0,0,0,0,0,0,0,5126,0,0
Portland, United States of America,0,0,0,0,0,0,0,0,3263.5,3472.857143,0
Rochester, United States of America,0,0,0,0,2858.894444,0,2720,0,2053.222222,3076.666667,0
Irvine, United States of America,0,0,0,0,0,0,4149.166667,0,4733.75,5810.555556,0
Fremont, United States of America,0,0,0,0,0,0,4528.571429,4000,5595,5665.555556,6530.555556
Scottsdale, United States of America,0,0,0,0,0,0,0,2583.333333,4125,5274,0
Reno, United States of America,0,0,0,0,0,2032.739412,2460,2894.814815,3183.333333,3868.125,3585.809524
Winston-Salem, United States of America,0,0,0,0,0,0,0,0,2907,2960,0
Durham, United States of America,0,0,0,0,0,0,0,0,3024.2,3623.611111,0
Norfolk, United States of America,0,0,0,0,0,0,0,0,3280.285714,3317,0
Orlando, United States of America,0,3600,2284.44,2904.222222,2800,3196.857143,2565.291667,3045.906667,2840.036508,2757.719298,3519.497617
Greensboro, United States of America,0,0,0,0,0,0,2840,0,2846.5,3024,0
Toledo, United States of America,0,0,0,0,0,0,0,0,2571.8125,2626.266667,0
Lexington, United States of America,0,0,0,0,0,0,2075,0,2682.6,0,0
Corpus Christi, United States of America,0,0,0,0,0,0,0,0,3007.333333,3147,0
Riverside, United States of America,0,0,0,0,0,0,0,0,3240.888889,3163.4,0
Santa Ana, United States of America,0,0,0,0,0,0,0,0,3835,4261,0
Aurora, United States of America,0,0,0,0,0,0,0,0,3783.333333,3676,0
Anaheim, United States of America,0,0,0,0,0,0,0,0,3533.375,3953,0
Tampa, United States of America,2400,2216.666667,3297.552428,3379.088889,2608.354545,2756.666667,2359.777778,3572.8,3258.3,3641.928571,3827.866667
Bakersfield, United States of America,0,0,0,0,0,0,0,0,3401.388889,3547.5,0
Colorado Springs, United States of America,0,0,0,0,0,2350.063333,3774.125,3500,3423.333333,3250.625,4401.666667
Virginia Beach, United States of America,0,0,0,0,0,0,0,0,3997.54125,0,0
Mesa, United States of America,0,0,0,0,0,0,0,0,2936.238095,3168.571429,0
Wichita, United States of America,0,0,0,0,2193.94,0,2300,0,2676.8,2763.611111,3256.666667
Henderson, United States of America,0,0,0,0,0,0,0,0,3825.111111,4164.5,0
Fort Wayne, United States of America,0,0,0,0,0,0,3100,0,2610.666667,2774.142857,0
Chandler, United States of America,0,0,0,0,0,0,0,0,3900.814815,4343.430556,0
Lubbock, United States of America,0,0,0,0,0,0,0,0,2557.642857,2649.6,0
Mississauga, Canada,0,0,0,2660.25641,3335.175972,1827.965561,2135.967837,2761.727505,2843.278037,2574.916278,3247.210502
Cali, Colombia,0,0,0,0,0,304.4540741,317.4400144,329.5603956,0,335.887824,0
Tempe, United States of America,0,0,0,0,0,0,0,0,2995.592593,3497,0
Plano, United States of America,0,0,0,0,0,0,0,0,4331.909091,4973,0
Amarillo, United States of America,0,0,0,0,0,0,0,0,0,3058,0
Chiang Mai, Thailand,0,397.7461054,251.6514627,0,0,479.0507972,346.5817171,473.800509,436.6812227,608.5986911,541.8022826
Rosario, Argentina,0,0,0,0,0,0,0,0,707.7424352,531.3912382,461.7803152
Cuenca, Ecuador,0,0,0,0,0,517,0,510,433,432,408.3333333
Novi Sad, Serbia,0,579.7101449,431.5479381,0,414.4632999,391.1857277,358.3067554,411.4651429,449.7433652,486.4918468,572.0057857
Punta del Este, Uruguay,0,0,761.0971599,0,0,0,0,0,0,0,0
Newcastle, Australia,0,0,0,0,0,3168.808781,0,0,0,3580.932547,0
Navi Mumbai, India,0,0,0,828.9085546,445.0084974,680.7063879,617.2002966,716.1556077,988.8843451,862.325433,890.8112894
Barranquilla, Colombia,0,0,0,0,0,0,0,480.1920768,387.0507602,339.2543221,333.4195924
Jaipur, India,0,0,0,0,408.3938742,442.8024944,460.6263061,569.4731338,486.8582475,429.5658175,406.8010548
Indore, India,0,0,0,0,264.7518909,273.5418959,0,382.7303205,333.5227544,484.5924003,278.9492947
Zug, Switzerland,0,0,0,0,0,7056.054743,5132.912702,0,0,0,0
Portsmouth, United Kingdom,0,0,0,0,0,0,0,0,2188.308597,0,0
Flagstaff, United States of America,0,0,0,0,0,0,0,0,3186.5,3224,0
Southampton, United Kingdom,0,0,0,0,0,2621.269697,2533.119814,0,2797.750962,0,0
Konya, Turkey,0,0,0,0,0,0,0,0,0,0,396.5582243
Huntsville, United States of America,0,0,0,0,0,0,2537.5,0,3996,3164.375,0
Mobile, United States of America,0,0,0,0,0,0,2600,2422,2762.5,2887.587222,0
Debrecen, Hungary,0,0,0,0,0,442.2983982,0,598.4007986,661.6412353,641.6426051,827.4379961
Christchurch, New Zealand,1543.197279,2880.578512,2180.451128,2482.133333,2015.924106,2137.033473,1533.421621,2443.441058,2908.989464,2367.848151,2638.093129
Patna, India,0,0,0,0,0,0,0,0,392.5796498,364.0929606,321.0130772
Shreveport, United States of America,0,0,0,0,0,0,0,0,2614,0,0
Bhopal, India,0,0,0,0,344.3182836,306.555573,387.4260016,0,369.9022268,0,292.2325945
Monterrey, Mexico,0,1172.140593,1114.982578,1405.152225,1352.159959,1647.783395,934.4669136,844.3705606,613.7010064,849.6552099,596.2056745
Olomouc, Czech Republic,0,0,0,0,0,770.8678344,850.948308,927.1439019,1009.178232,1042.705507,0
Szeged, Hungary,0,0,0,0,0,0,0,0,561.2542893,620.6364484,775.92815
Giza, Egypt,0,0,0,0,0,0,459.8607279,0,0,0,0
Santos, Brazil,0,0,0,0,0,0,0,0,0,509.6320457,504.7530916
Leicester, United Kingdom,0,0,0,0,0,0,0,0,2159.889004,2091.98826,2408.409249
Goiania, Brazil,0,0,0,0,0,0,0,0,451.916707,0,290.299794
Sibiu, Romania,0,0,0,0,0,371.2782129,443.3026044,549.081102,609.6364657,617.2084861,696.1981804
Savannah, United States of America,0,0,0,0,0,0,0,0,2660.805556,2798.333333,0
London, Canada,0,0,0,0,2290.860512,0,1968.274265,0,2269.628116,2171.47562,3493.633036
Rawalpindi, Pakistan,0,0,0,277.6064158,0,0,0,265.1113366,251.8783967,0,169.0847133
Oradea, Romania,0,0,0,0,0,0,366.0604839,472.8935694,525.2855397,530.0910352,636.2076041
Cluj-Napoca, Romania,480.0226077,617.7156177,412.8875532,560.8219884,616.5322741,569.8190446,540.2448415,623.7569426,652.9979498,721.8138727,811.2332256
Leuven, Belgium,0,0,0,0,0,2194.899818,1929.844477,1992.834751,2531.239052,0,2528.940463
Mashhad, Iran,0,0,0,0,0,0,473.2568306,409.9819282,457.2987175,382.8651884,428.9654227
Dundee, United Kingdom,0,0,0,0,0,0,0,0,2081.471982,2267.560351,0
Tijuana, Mexico,0,0,0,0,0,0,402.8271218,0,477.9712893,0,0
Port Elizabeth, South Africa,0,0,0,0,0,0,751.615349,0,1086.145511,0,0
Tangier, Morocco,0,0,0,0,0,0,0,0,393.160413,362.0912745,0
Fort McMurray, Canada,0,0,0,0,6394.877465,0,0,0,0,0,0
Mangalore, India,0,0,0,0,0,349.0017293,628.942372,502.6424024,0,465.0024624,0
Kingston upon Hull, United Kingdom,0,0,0,0,0,0,0,0,1820.827481,2127.675261,0
Frisco, United States of America,0,0,0,0,0,0,0,0,0,4728.333333,0
Nis, Serbia,0,0,0,0,0,0,301.4013321,315.3854211,380.1816383,377.0997322,458.8268552
Galway, Ireland,0,0,0,3170.995671,2596.725178,0,2293.10932,0,0,2197.086719,2817.716834
Norwich, United Kingdom,0,0,0,0,0,2405.380757,1953.310942,0,0,0,0
Banja Luka, Bosnia and Herzegovina,0,586.9565217,655.7884307,509.1081347,611.8902943,436.8490726,485.2479963,456.2090187,505.0462776,461.2031203,494.3050673
Sioux Falls, United States of America,0,0,0,0,0,0,0,0,3206.857143,3519,0
Brighton, United Kingdom,0,0,0,3750.505051,2177.18975,2448.70041,2256.514777,0,2230.979288,2480.409505,2674.634436
Natal, Brazil,0,0,0,0,713.9351211,0,0,475.7498066,278.8848902,370.149577,0
Erbil, Iraq,0,0,0,0,0,727.7809681,701.2772867,633.3333333,610,626.531505,608.1006055
Florianopolis, Brazil,0,0,0,0,780.8665388,635.0602086,507.9397101,556.2550885,435.6830376,0,405.0903207
Hamilton, Canada,0,0,0,2500,2736.065045,2464.489796,2324.359175,2000.396442,2600.517848,2263.835739,2222.05144
Patras, Greece,0,0,0,0,0,1119.1864,910.2906119,728.6535304,675.2890342,959.8379189,0
Limerick, Ireland,0,0,0,0,0,0,0,0,1905.736307,0,0
Exeter, United Kingdom,0,0,0,0,0,0,0,0,0,2161.71638,2585.582317
Springfield, United States of America,0,0,0,0,0,0,0,0,2000,2413,0
Kota Kinabalu, Malaysia,0,0,0,0,0,0,513.1241366,0,0,615.0340055,0
Sherbrooke, Canada,0,0,0,0,0,0,0,0,2282.747354,0,0
Gold Coast, Australia,0,0,3155.339806,0,3651.763399,2798.691916,2705.849478,2993.675735,0,3329.492075,0
Gatineau, Canada,0,0,0,0,0,0,2058.455767,0,2588.965795,0,2139.594357
Allentown, United States of America,0,0,0,0,0,0,0,0,2318.875,2745,0
Zapopan, Mexico,0,0,0,0,0,0,0,0,0,560.7724385,629.0763296
Ivano-Frankivsk, Ukraine,0,0,0,0,0,0,0,0,0,247.5616001,286.8414975
Ternopil, Ukraine,0,0,0,0,0,0,0,0,0,221.723319,0
Sumy, Ukraine,0,0,0,0,0,0,0,0,181.0008771,0,351.1176125
Joinville, Brazil,0,0,0,0,0,0,0,0,0,404.6796963,322.4811419
Vinnytsia, Ukraine,0,0,0,0,0,0,0,0,264.620209,290.3740537,0
Santa Cruz, United States of America,0,0,0,0,0,0,0,0,0,4440,0
Santa Clara, United States of America,0,0,0,0,0,0,0,0,0,6578.888889,8200
Santa Barbara, United States of America,0,0,0,0,3414.6,0,0,0,4017,4910.416667,0
Samsun, Turkey,0,0,0,0,0,0,0,0,434.5074751,0,419.6827616
Heraklion, Greece,0,0,0,0,0,1366.120219,776.4786014,0,866.1294718,889.0793551,844.9822764
Reading, United Kingdom,0,0,2923.076923,3535.353535,2339.641601,2556.185265,3290.144126,3264.738362,2804.666396,3873.356926,3127.836382
Akron, United States of America,0,0,0,3020,2413.716667,0,0,0,2270,2748,0
West Palm Beach, United States of America,0,0,0,0,0,0,0,2850,3071.444444,3807.066667,0
Merida, Mexico,0,0,0,0,0,0,334.9255212,0,391.0674185,377.2469132,0
Fort Lauderdale, United States of America,0,0,0,2566.666667,3830,2850.763333,2736.166667,0,3369.230769,3304.222222,0
Billings, United States of America,0,0,0,0,0,0,0,0,2731.7,2983.333333,0
Kalamazoo, United States of America,0,0,0,0,0,0,0,0,2431.714286,2977,0
Joao Pessoa, Brazil,0,0,0,0,0,0,0,0,0,0,278.8401896
Thiruvananthapuram, India,0,422.5978648,414.8885728,438.0530973,325.9103824,386.2824803,412.4212275,273.7353814,432.2341599,388.0464448,556.9497823
Craiova, Romania,0,0,0,0,0,0,460.5741344,470.5357734,531.8914724,557.3594598,681.3789521
Vitoria, Brazil,0,0,0,0,0,0,0,0,0,0,369.2175392
Eskisehir, Turkey,0,0,0,0,0,572.8817349,508.5330115,591.9539506,433.7608807,419.2316423,0
Campo Grande, Brazil,0,0,0,0,0,0,0,0,0,344.0016308,0
Qingdao, People's Republic of China,0,0,0,0,0,0,0,0,0,0,889.0577843
Bournemouth, United Kingdom,0,0,0,0,0,2183.918529,0,0,0,2657.229525,1857.385025
Agadir, Morocco,0,0,0,0,0,0,0,0,355.424034,285.7260531,353.8226149
Pattaya, Thailand,0,0,398.4481493,471.8570947,0,246.1994809,404.3023444,366.8809251,407.7176722,391.4447738,0
Eugene, United States of America,0,0,0,0,0,0,0,0,2460.777778,2862.5,3575
Campinas, Brazil,0,0,0,0,1309.624738,731.034555,742.096314,834.8984329,671.4293388,498.711359,523.4476506
Bhubaneswar, India,0,0,0,332.7433628,392.9030721,381.2293665,328.0623401,0,454.4778616,407.2092322,504.7653904
Larnaca, Cyprus,0,0,0,0,0,0,0,1138.229587,1132.780568,0,0
Veliko Tarnovo, Bulgaria,0,0,0,0,0,0,0,0,387.2218771,0,0
Arad, Romania,0,0,0,0,0,538.3011815,446.8288751,572.5975298,495.1886829,571.9893773,585.4713089
Faisalabad, Pakistan,0,0,0,0,0,0,0,0,0,0,172.1589809
Wilmington, United States of America,0,0,0,0,0,0,0,0,2944.5,3241,0
Paphos, Cyprus,0,0,0,0,0,1040.07286,0,0,1072.28775,1032.595312,1268.078346
Kaohsiung, Taiwan,0,0,0,0,0,0,1465.406467,1853.759349,855.4738733,0,1135.927071
Grand Rapids, United States of America,0,0,0,0,3565.333333,2148.4,3443.141667,0,2656.461538,3005,0
Baia Mare, Romania,0,0,0,0,0,0,0,0,0,525.7643546,0
Knoxville, United States of America,0,0,0,0,2128.7625,2650,3329,0,2345.181818,2870.111111,0
Limassol, Cyprus,0,1739.130435,1913.580247,1396.103896,1939.039325,1378.142077,1700.466769,1495.559039,1627.565352,1484.810495,1536.450621
Chattanooga, United States of America,0,0,0,0,0,0,0,0,2587.636364,2844.6875,0
Spokane, United States of America,0,0,0,0,2316.533333,1808,2650,0,2776.555556,2863.888889,3066.666667
Cairns, Australia,0,0,0,0,0,0,0,2839.810836,0,0,0
Hermosillo, Mexico,0,0,0,0,0,0,0,0,0,643.6138215,0
Sao Jose dos Campos, Brazil,0,627.7543366,0,0,0,0,557.1726371,0,0,0,0
Netanya, Israel,0,0,0,0,0,0,0,0,0,1860.513833,0
Northampton, United Kingdom,0,0,0,0,0,2645.386837,0,0,0,0,0
Boulder, United States of America,0,0,0,0,0,0,0,0,3825.833333,4492.8,0
Ramat Gan, Israel,0,0,0,0,0,1926.006248,1817.659502,3462.816241,0,2406.264557,0
Guwahati, India,0,0,0,0,0,301.3153068,0,0,371.761032,419.6650441,392.8061497
Tacoma, United States of America,0,0,0,0,0,0,0,0,3451.041667,3699.333333,0
Visakhapatnam, India,0,0,0,0,422.4764216,235.8119792,404.9226598,0,345.324692,390.4417933,416.2100588
Vijayawada, India,0,0,0,0,346.4306657,0,0,0,379.1962526,363.7777327,0
Ludhiana, India,0,0,0,0,321.0820804,418.1732432,394.9245694,0,0,275.4650689,292.2325945
Kitchener, Canada,0,0,3721.682848,0,3010.257355,2790.178571,2087.761801,0,2373.152906,2369.184854,1888.155901
Aguascalientes City, Mexico,0,0,0,0,0,0,0,0,431.1351166,0,0
Swindon, United Kingdom,0,0,0,0,0,0,0,2956.167176,2602.539941,0,0
Kingston, Canada,0,0,0,0,2586.258522,0,0,0,2331.178348,0,0
Milton Keynes, United Kingdom,0,0,0,0,0,0,0,2160.847774,0,0,0
Corfu, Greece,0,0,0,0,0,1366.120219,893.972074,0,0,0,0
Thane, India,0,0,0,0,0,405.5966043,544.0848298,559.1190768,675.7789426,493.2321826,730.5814861
Sunnyvale, United States of America,0,0,0,0,0,0,0,0,6602.361111,8056.666667,0
Oshawa, Canada,0,0,0,0,0,0,0,0,2440.83968,0,2457.565056
Santa Rosa, United States of America,0,0,0,0,0,0,0,0,3810.769231,4008.571429,0
Guildford, United Kingdom,0,0,0,0,3505.833752,0,0,0,0,0,0
Bellevue, United States of America,0,0,0,0,0,0,0,0,6000.090909,6587.238095,8140.475897
Fayetteville, United States of America,0,0,0,0,0,0,0,0,2421.5,2497.533333,0
Johor Bahru, Malaysia,0,511.1111111,707.5471698,932.0175439,722.6627023,0,567.3968818,0,953.9325871,0,1033.764502
Kelowna, Canada,0,0,0,2056.538462,0,0,2213.191622,0,2361.634273,2774.088437,2301.230474
Vancouver, United States of America,0,0,0,0,0,0,0,0,3273.166529,3915.777778,0
Erie, United States of America,0,0,0,0,0,0,0,0,2268.375,2576.8,0
Al Ain, United Arab Emirates,0,0,0,0,0,0,0,0,3539.166733,1837.86692,0
Burnaby, Canada,0,0,0,0,0,0,0,0,0,2830.013666,0
Clearwater, United States of America,0,0,0,0,0,0,0,0,2679.75,3142,0
Taichung, Taiwan,0,0,0,0,0,995.951417,0,1111.541102,1158.055424,1072.813943,0
Jammu, India,0,0,0,0,0,0,0,0,371.761032,0,0
Abbotsford, Canada,0,0,0,0,2479.097568,0,0,0,2085.347844,0,2313.937971
Noida, India,0,0,629.4452347,642.7728614,591.4669902,511.7993327,656.9345255,823.1475298,682.6884406,575.1915954,578.5615001
Sharjah, United Arab Emirates,0,0,0,2310.626703,2177.996787,2153.246824,2076.016227,2522.300335,1657.963493,1902.033434,1842.870187
Rockville, United States of America,0,0,0,0,0,0,0,0,5176.791667,5491,0
Jeddah, Saudi Arabia,0,0,1916.736,1727.333333,1782.032139,1525.738815,1492.29441,1530.633449,1439.808026,1555.870439,1412.965925
Surrey, Canada,0,0,0,0,0,0,0,1917.866323,1821.258876,1755.362355,3694.308559
Everett, United States of America,0,0,0,0,0,0,2620.6,0,3205.875,3600,0
Bellingham, United States of America,0,0,0,0,0,0,0,0,2978.428571,0,0
Moncton, Canada,0,0,0,0,0,2391.581633,1351.984995,0,2260.367478,1435.824815,2060.799786
Kenosha, United States of America,0,0,0,0,0,0,0,0,0,3468,0
Kamloops, Canada,0,0,0,0,0,0,0,0,0,0,2309.494394
Villach, Austria,0,0,0,0,0,0,2147.424982,0,0,0,0
Berkeley, United States of America,0,0,0,0,0,0,0,0,4732.30303,4724,0
Ann Arbor, United States of America,0,0,0,0,0,2866.666667,0,0,3777.272727,3688.125,0
Pasadena, United States of America,0,0,0,0,0,0,0,0,4497.75,4808.8,0
Aveiro, Portugal,0,0,0,0,0,0,0,918.0474698,922.5738643,0,905.487928
Glendale, United States of America,0,0,0,0,0,0,0,0,3136.111111,0,0
Iowa City, United States of America,0,0,0,0,0,0,0,0,2653.481481,2693,0
Gainesville, United States of America,0,0,0,0,1749.688889,0,0,0,2494.5,0,0
Bloomington, United States of America,0,0,0,0,0,0,0,0,2042.625,2209,0
Daytona Beach, United States of America,0,0,0,0,0,0,0,0,2019,2260.8,0
Fort Collins, United States of America,0,0,0,0,0,0,0,0,3365.142857,3592.5,3406.833333
Canton, United States of America,0,0,0,0,0,0,0,0,2105.428571,2526,0
Sarasota, United States of America,0,0,0,0,0,0,0,0,0,2583.25,0
Redding, United States of America,0,0,0,0,0,0,0,0,2645.185185,2788,0
Guelph, Canada,0,0,0,0,0,0,2246.795874,0,0,2483.375795,2325.755133
Fort Myers, United States of America,0,0,0,1886.565,0,2350,0,0,2731.62963,3440,0
Ajman, United Arab Emirates,0,0,0,0,0,0,0,0,1306.769255,1066.416608,0
Greenville, United States of America,0,0,0,0,0,3054.666667,0,0,2890,3825.333333,0
Bloomington, United States of America,0,0,0,0,0,0,0,0,3349.75,3326.4,0
Fairfax, United States of America,0,0,0,0,0,0,4173.75,3566.666667,0,4460,0
Waterloo, Canada,0,0,0,0,2986.917266,4211.840986,2444.774409,0,2502.001541,0,1752.468978
Coquitlam, Canada,0,0,0,0,0,0,0,0,2583.546607,0,0
Asheville, United States of America,0,0,0,0,2575.935,0,0,2512.5,2684,3480,0
Wilmington, United States of America,0,0,0,0,0,0,0,0,2650.33625,0,0
Bend, United States of America,0,0,0,0,0,0,0,0,3112.185185,3080.333333,0
College Station, United States of America,0,0,0,0,0,0,0,0,2271.714286,2387,0
Klaipeda, Lithuania,0,0,0,0,0,0,0,690.4388715,834.7541749,861.8952741,1014.216463
Phuket, Thailand,0,0,519.0311419,0,0,533.9265851,638.3721227,770.4499428,673.7367436,464.1700465,0
Petaling Jaya, Malaysia,0,0,0,1138.157895,1517.591675,1059.966064,752.4176041,901.2309496,929.5822026,927.6935927,0
Langley, Canada,0,0,0,0,0,0,0,0,0,0,2403.902189
Melbourne, United States of America,0,0,0,0,0,0,0,0,2493.181818,2536,0
Playa del Carmen, Mexico,0,0,0,0,0,0,404.3366453,0,0,0,0
Alpharetta, United States of America,0,0,0,0,0,0,0,0,0,4781.666667,0
Peshawar, Pakistan,0,0,0,0,0,0,0,0,238.6899141,0,138.9568917
Newcastle upon Tyne, United Kingdom,0,0,0,3355.050505,2679.618154,2511.399909,2422.316041,0,2188.308597,2109.296006,2431.110621
Roanoke, United States of America,0,0,0,0,0,0,0,0,0,2674,0
Birmingham, United States of America,0,0,0,0,2297.031667,0,3138.75,0,2854.388889,2670.833333,2550
Arlington, United States of America,0,0,0,0,0,0,0,0,3312,3224,0
Syracuse, United States of America,0,0,0,0,0,0,0,0,2281.714286,2349.4,0
Braga, Portugal,0,0,0,0,0,740.7407407,0,844.1558442,970.2596442,983.6239898,0
Kocaeli, Turkey,0,0,0,0,0,0,0,0,575.9818724,514.5504772,440.7639374
Kaunas, Lithuania,0,0,413.482781,582.6725534,654.8513706,533.6204079,635.7134749,716.9985187,791.836973,857.6977322,972.5764241
Shiraz, Iran,0,0,0,0,0,0,511.8902741,0,438.2155685,259.0008313,0
Las Palmas de Gran Canaria, Spain,0,0,0,0,0,961.7486339,1064.252469,1334.154351,0,0,0
Santa Cruz de Tenerife, Spain,0,0,0,0,0,0,0,1326.690551,1177.54681,0,1179.57545
Stavanger, Norway,0,4244.402985,4313.286332,5724.020443,4741.225119,3735.882055,3667.421483,3692.088634,3609.558458,3209.30053,0
Antwerp, Belgium,0,4347.826087,2268.518519,2233.766234,2131.809316,1940.497875,2018.238922,1914.464845,2252.812488,2310.51363,2430.144073
Zaragoza, Spain,0,0,0,0,0,0,0,0,0,1477.534756,0
Tromso, Norway,0,0,0,0,0,0,0,0,0,3233.570152,0
Arlington, United States of America,0,0,0,0,0,0,4525,0,0,0,6302.6425
Jubail, Saudi Arabia,0,0,0,0,0,0,0,0,0,1359.782435,0
